{
    "title": "Whipped Coffee is Cream Unicorn",
    "rows": 1,
    "columns": 1,
    "panels": [[[1, 1]]],
    "sprites": [{
            "img": "https://cdn.comic.studio/images/cookierun/customs/a8cb7672716fb36773078afa65b716a8/1.png",
            "x": 163.5,
            "y": 98.5,
            "width": 153,
            "height": 203,
            "resized": 0,
            "flipped": false,
            "rotated": 0,
			"character": "Cream Unicorn Cookie"
        }
    ],
    "backgrounds": []
}
