{
    "title": "Transparent textbox",
    "rows": 1,
    "columns": 1,
    "panels": [[[1, 1]]],
    "sprites": [{
            "x": 205.5,
            "y": 168,
            "width": 72.5,
            "height": 50,
            "resized": 0,
            "flipped": false,
            "rotated": 0,
            "textbox": {
                "corners": [[0, 0, 12, 10], [15, 0, 12, 10], [0, 13, 12, 22], [15, 13, 12, 22]],
                "borders": [[13, 0, 1, 10], [0, 11, 12, 1], [15, 11, 12, 1], [13, 13, 1, 22]],
                "fill": [13, 11, 1, 1],
                "tail": [0, 35, 0, 0],
                "midtail": [0, 28, 0, 0],
                "longtail": [0, 0, 0, 0],
                "longmidtail": [0, 0, 0, 0],
                "img": "data:image/png;base64,iVBORw0KGgoAAAANSUhEUgAAAAEAAAABCAQAAAC1HAwCAAAAC0lEQVR42mNkYAAAAAYAAjCB0C8AAAAASUVORK5CYII=",
                "text": "Text",
                "tailX": 0,
                "boxHeight": 100,
                "currentTail": [0, 35, 0, 0],
                "font": "Bold 36px \"CookieRun Bold\", Noto Sans, sans-serif"
            }
        }
    ],
    "backgrounds": []
}
