{"title":"why i did this","rows":1,"columns":1,"panels":[[[0.5,0.5,0.5,0.5]]],"sprites":[{"img":"https://cdn.comic.studio/images/cookierun/characters/b2025dde13934948a35231b953b7c40c/cookie0001_standard.png","x":55.5,"y":88.5,"width":161,"height":199,"resized":0,"flipped":false,"rotated":0},{"x":25.5,"y":26,"width":144,"height":50,"resized":0,"flipped":false,"rotated":0,"textbox":{"corners":[[0,0,12,10],[15,0,12,10],[0,13,12,22],[15,13,12,22]],"borders":[[13,0,1,10],[0,11,12,1],[15,11,12,1],[13,13,1,22]],"fill":[13,11,1,1],"tail":[0,35,0,0],"midtail":[0,28,0,0],"longtail":[0,0,0,0],"longmidtail":[0,0,0,0],"img":"https://cdn.comic.studio/textboxes/classic_square.png","text":"this is cursed","tailX":0,"boxHeight":100,"currentTail":[0,35,0,0],"font":"Bold 36px \"CookieRun Bold\", Noto Sans, sans-serif"}}],"backgrounds":[]}